{
  "rulesDirectory": [
    "node_modules/codelyzer"
  ],
  "rules": {
    "callable-types": true,
    "class-name": true,
    "comment-format": [
      true,
      "check-space"
    ],
    "curly": false,
    "eofline": true,
    "forin": false,
    "import-blacklist": [
      true
    ],
    "import-spacing": true,
    "indent": [
      true,
      "spaces"
    ],
    "interface-over-type-literal": true,
    "label-position": true,
    "max-line-length": [
      false,
      140
    ],
    "member-access": false,
    "member-ordering": [
      true,
      "static-before-instance",
      "variables-before-functions"
    ],
    "no-arg": true,
    "no-bitwise": true,
    "no-console": [
      false,
      "debug",
      "info",
      "time",
      "timeEnd",
      "trace"
    ],
    "no-construct": true,
    "no-debugger": true,
    "no-duplicate-variable": true,
    "no-empty": false,
    "no-empty-interface": true,
    "no-eval": true,
    "no-inferrable-types": [
      false,
      "ignore-params"
    ],
    "no-shadowed-variable": true,
    "no-string-literal": false,
    "no-string-throw": true,
    "no-switch-case-fall-through": true,
    "no-unused-expression": false,
    "no-use-before-declare": true,
    "no-var-keyword": false,
    "object-literal-sort-keys": false,
    "one-line": [
      false,
      "check-open-brace",
      "check-catch",
      "check-else"
    ],
    "prefer-const": false,
    "quotemark": [
      false,
      "single"
    ],
    "radix": true,
    "semicolon": [
      "always"
    ],
    "typeof-compare": true,
    "unified-signatures": true,
    "variable-name": false,
    "directive-selector": [
      false,
      "attribute",
      "app",
      "camelCase"
    ],
    "component-selector": [
      false,
      "element",
      "app",
      "kebab-case"
    ],
    "use-input-property-decorator": true,
    "use-output-property-decorator": true,
    "use-host-property-decorator": true,
    "no-input-rename": true,
    "no-output-rename": true,
    "use-life-cycle-interface": true,
    "use-pipe-transform-interface": true,
    "component-class-suffix": true,
    "directive-class-suffix": true,
    "no-access-missing-member": true,
    "templates-use-public": true,
    "invoke-injectable": true
  }
}
